Invoice/Item Number,Date,Store Number,Store Name,Address,City,Zip Code,Store Location,County,Category,Category Name,Vendor Number,Vendor Name,Item Number,Item Description,Pack,Bottle Volume (ml),State Bottle Cost,State Bottle Retail,Bottles Sold,Sale (Dollars),Volume Sold (Liters),Volume Sold (Gallons)
INV-85033000011,2025-07-31,6278,ADVENTURELAND / ALTOONA,305 34TH AVE NW,ALTOONA,50009,POINT (-93.50311 41.65532),POLK,1062500.0,FLAVORED RUM,35.0,BACARDI USA INC,43501,BACARDI RASPBERRY,12.0,750.0,8.99,13.49,12.0,161.88,9.0,2.37
INV-85006700067,2025-07-30,5293,THE BOONEDOCKS,"228, N HWY 71",ARNOLDS PARK,51331,POINT (-95.12597 43.37084),DICKINSON,1062500.0,FLAVORED RUM,35.0,BACARDI USA INC,43137,BACARDI LIMON,12.0,1000.0,9.5,14.25,24.0,342.0,24.0,6.34
INV-84994200007,2025-07-30,4129,CYCLONE LIQUORS,626 LINCOLN WAY,AMES,50010,POINT (-93.61907 42.0229),STORY,1012100.0,CANADIAN WHISKIES,259.0,HEAVEN HILL BRANDS,11777,BLACK VELVET,12.0,1000.0,7.0,10.5,12.0,126.0,12.0,3.17
INV-84993700034,2025-07-30,2501,HY-VEE  #2 (1018) / AMES,640 LINCOLNWAY,AMES,50010,POINT (-93.61869 42.02028),STORY,1041200.0,FLAVORED GIN,342.0,DV SPIRITS LLC,28477,EMPRESS 1908 GIN,6.0,750.0,18.0,27.0,6.0,171.0,4.5,1.18
INV-85002000018,2025-07-30,4073,"UPTOWN LIQUOR, LLC",306 HWY 69 SOUTH,FOREST CITY,50436,POINT (-93.63329 43.2615),WINNEBAGO,1031100.0,AMERICAN VODKAS,434.0,LUXCO INC,36308,HAWKEYE VODKA,6.0,1750.0,7.5,11.25,6.0,67.5,10.5,2.77
INV-84993300016,2025-07-30,3524,SAM'S CLUB 6568 / AMES,305 AIRPORT RD,AMES,50010,POINT (-93.61423 42.00105),STORY,1062200.0,WHITE RUM,35.0,BACARDI USA INC,43127,BACARDI SUPERIOR,12.0,1000.0,9.5,14.25,12.0,171.0,12.0,3.17
INV-84988700101,2025-07-30,2191,KEOKUK SPIRITS,1013 MAIN,KEOKUK,52632,POINT (-91.38774 40.40001),LEE,1081500.0,TRIPLE SEC,65.0,JIM BEAM BRANDS,86112,DEKUYPER TRIPLE SEC,12.0,1000.0,2.33,3.5,12.0,42.0,12.0,3.17
INV-84994200119,2025-07-30,4129,CYCLONE LIQUORS,626 LINCOLN WAY,AMES,50010,POINT (-93.61907 42.0229),STORY,1031200.0,AMERICAN FLAVORED VODKA,260.0,DIAGEO AMERICAS,77741,SMIRNOFF RASPBERRY,12.0,1000.0,9.25,13.88,3.0,41.64,3.0,0.79
INV-84994200060,2025-07-30,4129,CYCLONE LIQUORS,626 LINCOLN WAY,AMES,50010,POINT (-93.61907 42.0229),STORY,1031100.0,AMERICAN VODKAS,777.0,"BLUE OX SPIRITS, INC.",36874,BLUE OX VODKA,12.0,1000.0,4.76,7.14,12.0,85.68,12.0,3.17
INV-84994200118,2025-07-30,4129,CYCLONE LIQUORS,626 LINCOLN WAY,AMES,50010,POINT (-93.61907 42.0229),STORY,1031200.0,AMERICAN FLAVORED VODKA,260.0,DIAGEO AMERICAS,77699,SMIRNOFF ORANGE,12.0,1000.0,9.25,13.88,3.0,41.64,3.0,0.79
INV-85006700128,2025-07-30,5293,THE BOONEDOCKS,"228, N HWY 71",ARNOLDS PARK,51331,POINT (-95.12597 43.37084),DICKINSON,1022100.0,MIXTO TEQUILA,434.0,LUXCO INC,87997,LA PRIMA WHITE,12.0,1000.0,8.09,12.14,12.0,145.68,12.0,3.17
INV-84988700021,2025-07-30,2191,KEOKUK SPIRITS,1013 MAIN,KEOKUK,52632,POINT (-91.38774 40.40001),LEE,1042100.0,IMPORTED DRY GINS,260.0,DIAGEO AMERICAS,28867,TANQUERAY GIN,12.0,1000.0,15.99,23.99,12.0,287.88,12.0,3.17
INV-84979500001,2025-07-30,2619,HY-VEE WINE AND SPIRITS / WDM,1725  74TH ST,WEST DES MOINES,50266,Unknown,POLK,1011200.0,STRAIGHT BOURBON WHISKIES,259.0,HEAVEN HILL BRANDS,18116,EVAN WILLIAMS BLACK PET,12.0,750.0,9.5,14.25,12.0,171.0,9.0,2.37
INV-85006700046,2025-07-30,5293,THE BOONEDOCKS,"228, N HWY 71",ARNOLDS PARK,51331,POINT (-95.12597 43.37084),DICKINSON,1031100.0,AMERICAN VODKAS,434.0,LUXCO INC,36307,HAWKEYE VODKA,12.0,1000.0,4.35,6.53,12.0,78.36,12.0,3.17
INV-84979700020,2025-07-30,3899,WAL-MART 3762 / WDM,6365 STAGECOACH DR,WEST DES MOINES,50266,POINT (-93.79707 41.55887),POLK,1031100.0,AMERICAN VODKAS,434.0,LUXCO INC,36306,HAWKEYE VODKA,12.0,750.0,3.5,5.25,12.0,63.0,9.0,2.37
INV-84989500009,2025-07-30,4296,CIRCLE B MARKET,111 MAIN ST,KEOSAUQUA,52565,POINT (-91.95901 40.72734),VAN BUREN,1031100.0,AMERICAN VODKAS,260.0,DIAGEO AMERICAS,37996,SMIRNOFF 80PRF,12.0,750.0,8.25,12.38,3.0,37.14,2.25,0.59
INV-84993700051,2025-07-30,2501,HY-VEE  #2 (1018) / AMES,640 LINCOLNWAY,AMES,50010,POINT (-93.61869 42.02028),STORY,1091200.0,NEUTRAL GRAIN SPIRITS,434.0,LUXCO INC,41846,EVERCLEAR 151,12.0,750.0,9.0,13.5,12.0,162.0,9.0,2.37
INV-84981200020,2025-07-30,4397,QUIK TRIP #514 / ANKENY,802 E 1ST ST,ANKENY,50021,POINT (-93.58628 41.73234),POLK,1081400.0,AMERICAN SCHNAPPS,421.0,SAZERAC COMPANY  INC,84219,99 PEPPERMINT,48.0,100.0,1.0,1.5,48.0,72.0,4.8,1.26
INV-84994300005,2025-07-30,3866,TARGET STORE T-1170 / AMES,320 S DUFF,AMES,50010,POINT (-93.60753 42.01917),STORY,1062500.0,FLAVORED RUM,370.0,PERNOD RICARD USA,42718,MALIBU COCONUT,6.0,1750.0,16.49,24.74,6.0,148.44,10.5,2.77
INV-84996200055,2025-07-30,5441,LIQUOR ON THE CORNER,300 EAST MAIN,CHEROKEE,51012,POINT (-95.54709 42.74959),CHEROKEE,1022200.0,100% AGAVE TEQUILA,65.0,JIM BEAM BRANDS,88547,HORNITOS PLATA,12.0,1000.0,15.0,22.5,1.0,22.5,1.0,0.26
INV-84995000009,2025-07-30,5187,KWIK STOP LIQUOR & GROCERIES AMES,125 6TH ST,AMES,50010,POINT (-93.61186 42.02712),STORY,1032100.0,IMPORTED VODKAS,260.0,DIAGEO AMERICAS,36871,CIROC 80PRF,12.0,750.0,16.49,24.74,2.0,49.48,1.5,0.39
INV-84930200014,2025-07-29,10235,MAPLETON FOOD LAND / MAPLETON,405 HEISLER STREET,MAPLETON,51034,POINT (-95.79216 42.16712),MONONA,1062200.0,WHITE RUM,434.0,LUXCO INC,46350,HAWKEYE LIGHT RUM,6.0,1750.0,9.0,13.5,2.0,27.0,3.5,0.92
INV-84944700021,2025-07-29,5423,STAMMER LIQUOR CORP,615 2ND AVE,SHELDON,51201,POINT (-95.85479 43.18455),O'BRIEN,1011100.0,BLENDED WHISKIES,297.0,LAIRD & COMPANY,23828,FIVE STAR,6.0,1750.0,8.39,12.59,2.0,25.18,3.5,0.92
INV-84930500042,2025-07-29,5151,BREW IDA GROVE,"500, HWY 175",IDA GROVE,51445,POINT (-95.46737 42.35012),IDA,1031200.0,AMERICAN FLAVORED VODKA,260.0,DIAGEO AMERICAS,77740,SMIRNOFF RASPBERRY,12.0,750.0,8.25,12.38,2.0,24.76,1.5,0.39
INV-84944800017,2025-07-29,2661,HY-VEE FOOD STORE / SHELDON,1989 PARK ST,SHELDON,51201,POINT (-95.83182 43.18603),O'BRIEN,1031100.0,AMERICAN VODKAS,434.0,LUXCO INC,36308,HAWKEYE VODKA,6.0,1750.0,7.5,11.25,6.0,67.5,10.5,2.77
INV-84926600097,2025-07-29,2665,HY-VEE / WAUKEE,1005 E HICKMAN RD,WAUKEE,50263,POINT (-93.85435 41.61697),DALLAS,1011100.0,BLENDED WHISKIES,65.0,JIM BEAM BRANDS,78187,TWISTED TEA WHISKEY MINI,12.0,50.0,5.0,7.5,2.0,15.0,0.1,0.02
INV-84937400191,2025-07-29,3820,"CHARLIE'S WINE AND SPIRITS,",507 W 19TH ST,SIOUX CITY,51103,POINT (-96.42021 42.51054),WOODBURY,1022200.0,100% AGAVE TEQUILA,395.0,PROXIMO,89230,1800 ANEJO,6.0,750.0,23.0,34.5,1.0,34.5,0.75,0.19
INV-84930500010,2025-07-29,5151,BREW IDA GROVE,"500, HWY 175",IDA GROVE,51445,POINT (-95.46737 42.35012),IDA,1012100.0,CANADIAN WHISKIES,421.0,SAZERAC COMPANY  INC,12872,RICH & RARE PEACH,12.0,750.0,5.5,8.25,2.0,16.5,1.5,0.39
INV-84928100035,2025-07-29,5173,AUDUBON FOOD LAND,104 MARKET ST,AUDUBON,50025,POINT (-94.93637 41.7232),AUDUBON,1081400.0,AMERICAN SCHNAPPS,434.0,LUXCO INC,82187,ARROW SPEARMINT SCHNAPPS,12.0,1000.0,5.25,7.88,4.0,31.52,4.0,1.05
INV-84956500005,2025-07-29,6120,CRESCO MART,202 2ND AVE SW,CRESCO,52136,POINT (-92.11878 43.3711),HOWARD,1031100.0,AMERICAN VODKAS,205.0,E & J GALLO WINERY,36968,NEW AMSTERDAM 80PRF,24.0,375.0,4.0,6.0,24.0,144.0,9.0,2.37
INV-84929500003,2025-07-29,5701,THE HUT 23,603 10TH STREET,ONAWA,51040,POINT (-96.09717 42.03182),MONONA,1011100.0,BLENDED WHISKIES,260.0,DIAGEO AMERICAS,25608,SEAGRAMS 7 CROWN,6.0,1750.0,13.99,20.99,6.0,125.94,10.5,2.77
INV-84928700013,2025-07-29,3611,LOGAN SUPER FOODS / LOGAN,403 E 6TH,LOGAN,51546,POINT (-95.78624 41.64406),HARRISON,1062200.0,WHITE RUM,434.0,LUXCO INC,45278,PARAMOUNT WHITE RUM,6.0,1750.0,8.0,12.0,6.0,72.0,10.5,2.77
INV-84952900091,2025-07-29,2651,HY-VEE / WAVERLY,1311 4 STREET SW,WAVERLY,50677,POINT (-92.47395 42.71212),BREMER,1022100.0,MIXTO TEQUILA,421.0,SAZERAC COMPANY  INC,88767,TORTILLA WHITE,12.0,1000.0,7.66,11.49,12.0,137.88,12.0,3.17
INV-84945100006,2025-07-29,6102,BREW OIL #53 / SIBLEY,1026 2ND AVE,SIBLEY,51249,POINT (-95.75212 43.39743),OSCEOLA,1012100.0,CANADIAN WHISKIES,259.0,HEAVEN HILL BRANDS,11776,BLACK VELVET,12.0,750.0,6.0,9.0,6.0,54.0,4.5,1.18
INV-84964800012,2025-07-29,5870,KEYSTONE LIQUOR,517 2ND ST,CORALVILLE,52241,POINT (-91.57379 41.67179),JOHNSON,1031100.0,AMERICAN VODKAS,434.0,LUXCO INC,36305,HAWKEYE VODKA PET,12.0,750.0,3.5,5.25,12.0,63.0,9.0,2.37
INV-84928800082,2025-07-29,4152,FOOD LAND SUPER MARKETS,407 W HURON,MISSOURI VALLEY,51555,POINT (-95.89928 41.55775),HARRISON,1081500.0,TRIPLE SEC,434.0,LUXCO INC,86507,PARAMOUNT TRIPLE SEC,12.0,1000.0,4.09,6.14,2.0,12.28,2.0,0.52
INV-84959600007,2025-07-29,4684,INDY 66 #928 / INDIANOLA,1201 N JEFFERSON,INDIANOLA,50125,POINT (-93.55838 41.3717),WARREN,1031100.0,AMERICAN VODKAS,434.0,LUXCO INC,36305,HAWKEYE VODKA PET,12.0,750.0,3.5,5.25,24.0,126.0,18.0,4.75
INV-84936400025,2025-07-29,5351,DOWNTOWN LIQUOR,1203 5TH ST.,SIOUX CITY,51101,POINT (-96.39464 42.49563),WOODBURY,1031100.0,AMERICAN VODKAS,434.0,LUXCO INC,36305,HAWKEYE VODKA PET,12.0,750.0,3.5,5.25,36.0,189.0,27.0,7.13
INV-84952900013,2025-07-29,2651,HY-VEE / WAVERLY,1311 4 STREET SW,WAVERLY,50677,POINT (-92.47395 42.71212),BREMER,1011200.0,STRAIGHT BOURBON WHISKIES,260.0,DIAGEO AMERICAS,16832,BLADE & BOW,6.0,750.0,25.0,37.5,1.0,37.5,0.75,0.19
INV-84952500005,2025-07-29,4902,BROADWAY LIQUOR,821 BROADWAY ST,WATERLOO,50703,POINT (-92.34514 42.51372),BLACK HAWK,1031100.0,AMERICAN VODKAS,434.0,LUXCO INC,36308,HAWKEYE VODKA,6.0,1750.0,7.5,11.25,6.0,67.5,10.5,2.77
INV-84929400064,2025-07-29,3723,J D SPIRITS LIQUOR,1023  9TH ST,ONAWA,51040,POINT (-96.09589 42.02584),MONONA,1022100.0,MIXTO TEQUILA,65.0,JIM BEAM BRANDS,88556,SAUZA BLANCO SILVER,12.0,750.0,10.5,15.75,1.0,15.75,0.75,0.19
INV-84904100004,2025-07-28,2200,SAC LIQUOR STORE,619 E MAIN ST,SAC CITY,50583,POINT (-94.97402 42.42133),SAC,1012100.0,CANADIAN WHISKIES,259.0,HEAVEN HILL BRANDS,11788,BLACK VELVET,6.0,1750.0,11.5,17.25,24.0,414.0,42.0,11.09
INV-84905200005,2025-07-28,5326,ALS LIQUOR,215 W. MILWAUKEE AVE,STORM LAKE,50588,POINT (-95.20241 42.64766),BUENA VISTA,1071000.0,COCKTAILS/RTD,395.0,PROXIMO,59154,1800 ULTIMATE MARGARITA,6.0,1750.0,10.04,15.06,2.0,30.12,3.5,0.92
INV-84904100010,2025-07-28,2200,SAC LIQUOR STORE,619 E MAIN ST,SAC CITY,50583,POINT (-94.97402 42.42133),SAC,1012100.0,CANADIAN WHISKIES,395.0,PROXIMO,21055,PENDLETON 1910 10YR BOURBON,6.0,750.0,25.0,37.5,2.0,75.0,1.5,0.39
INV-84912100026,2025-07-28,5102,WILKIE LIQUORS,724 1ST STREET NE,MOUNT VERNON,52314,POINT (-91.41231 41.92012),LINN,1022200.0,100% AGAVE TEQUILA,65.0,JIM BEAM BRANDS,88547,HORNITOS PLATA,12.0,1000.0,15.0,22.5,12.0,270.0,12.0,3.17
INV-84904200006,2025-07-28,6105,BREW OIL #42,210 W MAIN ST,SAC CITY,50583,POINT (-94.98637 42.42184),SAC,1012100.0,CANADIAN WHISKIES,259.0,HEAVEN HILL BRANDS,11774,BLACK VELVET,24.0,375.0,3.25,4.88,24.0,117.12,9.0,2.37
INV-84894000047,2025-07-28,2619,HY-VEE WINE AND SPIRITS / WDM,1725  74TH ST,WEST DES MOINES,50266,Unknown,POLK,1031100.0,AMERICAN VODKAS,322.0,USDP / UNITED STATES DISTILLED PRODUCTS CO,37665,ROW VODKA,6.0,1750.0,12.22,18.33,6.0,109.98,10.5,2.77
INV-84919300011,2025-07-28,5529,BIG 10 MART,2100 JFK RD,DUBUQUE,52001,POINT (-90.71988 42.5084),DUBUQUE,1011100.0,BLENDED WHISKIES,65.0,JIM BEAM BRANDS,24454,KESSLER BLEND WHISKEY,24.0,375.0,3.15,4.73,2.0,9.46,0.75,0.19
INV-84920400004,2025-07-28,10448,CASEY'S #4334 / EPWORTH,101 HORSFIELD INDUSTRIAL WAY,EPWORTH,52045,Unknown,DUBUQUE,1011200.0,STRAIGHT BOURBON WHISKIES,421.0,SAZERAC COMPANY  INC,16850,BLANTONS BOURBON,6.0,750.0,40.0,60.0,6.0,360.0,4.5,1.18
INV-84871900013,2025-07-28,2190,"CENTRAL CITY LIQUOR, INC.",1460 2ND AVE,DES MOINES,50314,POINT (-93.62003 41.60564),POLK,1032100.0,IMPORTED VODKAS,35.0,BACARDI USA INC,34425,GREY GOOSE,6.0,1750.0,25.99,38.99,6.0,233.94,10.5,2.77
INV-84904100028,2025-07-28,2200,SAC LIQUOR STORE,619 E MAIN ST,SAC CITY,50583,POINT (-94.97402 42.42133),SAC,1062200.0,WHITE RUM,35.0,BACARDI USA INC,43127,BACARDI SUPERIOR,12.0,1000.0,9.5,14.25,3.0,42.75,3.0,0.79
INV-84886200021,2025-07-28,5138,KELLOGG COUNTRY STORE,"103, BLAIR ST",KELLOGG,50135,POINT (-92.9031 41.71438),JASPER,1022200.0,100% AGAVE TEQUILA,35.0,BACARDI USA INC,88291,PATRON SILVER MINI,10.0,50.0,23.0,34.5,1.0,34.5,0.05,0.01
INV-84917600023,2025-07-28,3488,BENDER'S FOODS,400 S SECOND,BELLEVUE,52031,POINT (-90.42334 42.25544),JACKSON,1081400.0,AMERICAN SCHNAPPS,65.0,JIM BEAM BRANDS,82627,DEKUYPER CHERRY PUCKER,12.0,1000.0,7.87,11.81,3.0,35.43,3.0,0.79
INV-84890200019,2025-07-28,4638,GD XPRESS / DAVENPORT,4607 N PINE ST,DAVENPORT,52806,POINT (-90.60984 41.56738),SCOTT,1062400.0,SPICED RUM,259.0,HEAVEN HILL BRANDS,43026,ADMIRAL NELSON SPICED,12.0,750.0,7.0,10.5,12.0,126.0,9.0,2.37
INV-84920500001,2025-07-28,10448,CASEY'S #4334 / EPWORTH,101 HORSFIELD INDUSTRIAL WAY,EPWORTH,52045,Unknown,DUBUQUE,1012100.0,CANADIAN WHISKIES,260.0,DIAGEO AMERICAS,10807,CROWN ROYAL REGAL APPLE,12.0,750.0,17.49,26.24,12.0,314.88,9.0,2.37
INV-84868500003,2025-07-27,5051,OASIS,630 SW  9TH ST,DES MOINES,50309,POINT (-93.62528 41.57571),POLK,1012100.0,CANADIAN WHISKIES,260.0,DIAGEO AMERICAS,10802,CROWN ROYAL PEACH,12.0,750.0,17.49,26.24,1.0,26.24,0.75,0.19
INV-84869100003,2025-07-27,5623,EASYGO,2723 GRAND AVE,DES MOINES,50312,POINT (-93.65409 41.58463),POLK,1012100.0,CANADIAN WHISKIES,421.0,SAZERAC COMPANY  INC,12860,RICH & RARE RESERVE,12.0,750.0,6.5,9.75,3.0,29.25,2.25,0.59
INV-84870500040,2025-07-27,2591,HY-VEE WINE AND SPIRITS / ATLANTIC,1602 E 7TH ST,ATLANTIC,50022,POINT (-94.99042 41.40387),CASS,1062200.0,WHITE RUM,35.0,BACARDI USA INC,43831,BACARDI SUPERIOR,24.0,200.0,3.0,4.5,4.0,18.0,0.8,0.21
INV-84856000008,2025-07-25,10167,HY-VEE / ELDRIDGE,425 EAST LE CLAIRE ROAD,ELDRIDGE,52748,POINT (-90.5773 41.65427),SCOTT,1012400.0,IRISH WHISKIES,370.0,PERNOD RICARD USA,15627,JAMESON,12.0,1000.0,20.98,31.47,12.0,377.64,12.0,3.17
INV-84817300001,2025-07-25,5098,BEST FOOD MART 3  LLC,1621 UNIVERSITY AVE,DES MOINES,50311,POINT (-93.63986 41.60042),POLK,1031100.0,AMERICAN VODKAS,434.0,LUXCO INC,36305,HAWKEYE VODKA PET,12.0,750.0,3.5,5.25,12.0,63.0,9.0,2.37
INV-84860200001,2025-07-25,10155,CASEY'S #4324 / PALO,1204 1ST STREET,PALO,52324,POINT (-91.79577 42.07018),LINN,1012100.0,CANADIAN WHISKIES,259.0,HEAVEN HILL BRANDS,11788,BLACK VELVET,6.0,1750.0,11.5,17.25,6.0,103.5,10.5,2.77
INV-84822600050,2025-07-25,2649,HY-VEE #3 / DUBUQUE,400 LOCUST ST,DUBUQUE,52001,POINT (-90.66657 42.49736),DUBUQUE,1041100.0,AMERICAN DRY GINS,205.0,E & J GALLO WINERY,31475,NEW AMSTERDAM GIN,12.0,750.0,9.0,13.5,2.0,27.0,1.5,0.39
INV-84858900026,2025-07-25,3886,WAL-MART 0646 / ANAMOSA,101  115 ST,ANAMOSA,52205,POINT (-91.26503 42.10156),JONES,1062200.0,WHITE RUM,35.0,BACARDI USA INC,43128,BACARDI SUPERIOR,6.0,1750.0,14.99,22.49,6.0,134.94,10.5,2.77
INV-84860300009,2025-07-25,4346,ROY'S FOODLAND,105 PEARL ST,SHELLSBURG,52332,POINT (-91.86889 42.09427),BENTON,1012400.0,IRISH WHISKIES,370.0,PERNOD RICARD USA,15627,JAMESON,12.0,1000.0,20.98,31.47,1.0,31.47,1.0,0.26
INV-84822600054,2025-07-25,2649,HY-VEE #3 / DUBUQUE,400 LOCUST ST,DUBUQUE,52001,POINT (-90.66657 42.49736),DUBUQUE,1032100.0,IMPORTED VODKAS,35.0,BACARDI USA INC,34433,GREY GOOSE,12.0,750.0,14.99,22.49,4.0,89.96,3.0,0.79
INV-84814200006,2025-07-25,4378,KUM & GO #1202 / WAUKEE,650 W HICKMAN RD,WAUKEE,50263,POINT (-93.8863 41.61472),DALLAS,1032100.0,IMPORTED VODKAS,35.0,BACARDI USA INC,34433,GREY GOOSE,12.0,750.0,14.99,22.49,1.0,22.49,0.75,0.19
INV-84801100037,2025-07-24,3644,WAL-MART 2764 / ALTOONA,3501 8TH ST SW,ALTOONA,50009,POINT (-93.50492 41.6464),POLK,1062500.0,FLAVORED RUM,370.0,PERNOD RICARD USA,42718,MALIBU COCONUT,6.0,1750.0,16.49,24.74,6.0,148.44,10.5,2.77
INV-84777600030,2025-07-24,3973,MMDG SPIRITS / AMES,126A WELCH AVE,AMES,50014,POINT (-93.65013 42.02179),STORY,1022100.0,MIXTO TEQUILA,395.0,PROXIMO,87409,JOSE CUERVO ESPECIAL SILVER,12.0,1000.0,15.0,22.5,1.0,22.5,1.0,0.26
INV-84796400004,2025-07-24,2707,HY-VEE FAST AND FRESH - URBANDALE,9915 DOUGLAS AVE,URBANDALE,50322,POINT (-93.75563 41.62997),POLK,1031100.0,AMERICAN VODKAS,434.0,LUXCO INC,36304,HAWKEYE VODKA,24.0,375.0,2.0,3.0,24.0,72.0,9.0,2.37
INV-84796800010,2025-07-24,4301,SAHOTA FOOD MART,1805 SE 14TH ST,DES MOINES,50320,POINT (-93.59657 41.57222),POLK,1051100.0,AMERICAN BRANDIES,205.0,E & J GALLO WINERY,52593,E & J VS,24.0,200.0,2.14,3.21,24.0,77.04,4.8,1.26
INV-84807400018,2025-07-24,10605,CORNER BAR / BELMOND,207 E MAIN ST,BELMOND,50421,POINT (-93.61523 42.8459),WRIGHT,1022200.0,100% AGAVE TEQUILA,65.0,JIM BEAM BRANDS,88547,HORNITOS PLATA,12.0,1000.0,15.0,22.5,4.0,90.0,4.0,1.05
INV-84775900003,2025-07-23,3712,MONTE SPIRITS,109 N 4TH ST,MONTEZUMA,50171,POINT (-92.52364 41.58593),POWESHIEK,1012100.0,CANADIAN WHISKIES,260.0,DIAGEO AMERICAS,10778,CROWN ROYAL PEACH,6.0,1750.0,33.99,50.99,2.0,101.98,3.5,0.92
INV-84750700005,2025-07-23,4829,CENTRAL CITY 2,1501 MICHIGAN AVE,DES MOINES,50314,POINT (-93.61378 41.60575),POLK,1032100.0,IMPORTED VODKAS,305.0,MHW LTD,34244,CHOPIN VODKA,6.0,750.0,14.84,22.26,6.0,133.56,4.5,1.18
INV-84773200041,2025-07-23,4129,CYCLONE LIQUORS,626 LINCOLN WAY,AMES,50010,POINT (-93.61907 42.0229),STORY,1032200.0,IMPORTED FLAVORED VODKA,370.0,PERNOD RICARD USA,34029,ABSOLUT CITRON,12.0,1000.0,14.99,22.49,12.0,233.88,12.0,3.17
INV-84756800003,2025-07-23,3045,BRITT FOOD CENTER,8 2ND ST NW,BRITT,50423,POINT (-93.80256 43.09867),HANCOCK,1012100.0,CANADIAN WHISKIES,421.0,SAZERAC COMPANY  INC,12408,CANADIAN LTD WHISKY,6.0,1750.0,10.0,15.0,6.0,90.0,10.5,2.77
INV-84772100029,2025-07-23,3524,SAM'S CLUB 6568 / AMES,305 AIRPORT RD,AMES,50010,POINT (-93.61423 42.00105),STORY,1012200.0,SCOTCH WHISKIES,421.0,SAZERAC COMPANY  INC,8828,LAUDERS,6.0,1750.0,11.5,17.25,6.0,103.5,10.5,2.77
INV-84767000010,2025-07-23,3742,WAL-MART 1625 / LEMARS,1111 HOLTON DR,LE MARS,51031,POINT (-96.18694 42.78164),PLYMOUTH,1031100.0,AMERICAN VODKAS,434.0,LUXCO INC,36308,HAWKEYE VODKA,6.0,1750.0,7.5,11.25,6.0,67.5,10.5,2.77
INV-84767600021,2025-07-23,3626,WAL-MART 2714 / SPENCER,500  11TH ST,SPENCER,51301,POINT (-95.15207 43.14863),CLAY,1031100.0,AMERICAN VODKAS,260.0,DIAGEO AMERICAS,38008,SMIRNOFF 80PRF PET,6.0,1750.0,14.75,22.13,12.0,265.56,21.0,5.54
INV-84742100001,2025-07-23,4405,KUM & GO #92 / ANKENY,1025 E 1ST ST,ANKENY,50021,POINT (-93.58138 41.73135),POLK,1081400.0,AMERICAN SCHNAPPS,421.0,SAZERAC COMPANY  INC,101180,99 FRUITS MINI,1.0,50.0,54.0,81.0,2.0,157.2,0.1,0.02
INV-84739800100,2025-07-23,2191,KEOKUK SPIRITS,1013 MAIN,KEOKUK,52632,POINT (-91.38774 40.40001),LEE,1022200.0,100% AGAVE TEQUILA,240.0,WILLIAM GRANT & SONS INC,88116,MILAGRO SILVER,6.0,750.0,17.0,25.5,6.0,153.0,4.5,1.18
INV-84749500010,2025-07-23,5072,PEP STOP,"901, E WASHINGTON ST",MOUNT PLEASANT,52641,POINT (-91.54128 40.96426),HENRY,1081400.0,AMERICAN SCHNAPPS,421.0,SAZERAC COMPANY  INC,84172,99 BANANAS MINI,1.0,50.0,54.0,81.0,1.0,78.6,0.05,0.01
INV-84737200018,2025-07-23,2619,HY-VEE WINE AND SPIRITS / WDM,1725  74TH ST,WEST DES MOINES,50266,Unknown,POLK,1011400.0,TENNESSEE WHISKIES,368.0,PARK STREET IMPORTS,26966,UNCLE NEAREST 1856 AGED WHISKEY,6.0,750.0,29.33,44.0,12.0,528.0,9.0,2.37
INV-84739400006,2025-07-23,3811,WAL-MART 1431 / KEOKUK,300 NORTH PARK DR,KEOKUK,52632,POINT (-91.41042 40.41831),LEE,1031100.0,AMERICAN VODKAS,434.0,LUXCO INC,36308,HAWKEYE VODKA,6.0,1750.0,7.5,11.25,18.0,202.5,31.5,8.32
INV-84719000012,2025-07-22,6035,BOOTLEGGING BARZINIS,412 FIRST AVE,CORALVILLE,52241,POINT (-91.56614 41.67289),JOHNSON,1032100.0,IMPORTED VODKAS,35.0,BACARDI USA INC,34359,GREY GOOSE,12.0,200.0,4.5,6.75,12.0,81.0,2.4,0.63
INV-84691200027,2025-07-22,5089,MOS MINI MART,"614, E ERIE ST",MISSOURI VALLEY,51555,POINT (-95.88678 41.5564),HARRISON,1022200.0,100% AGAVE TEQUILA,35.0,BACARDI USA INC,88296,PATRON SILVER,12.0,750.0,24.99,37.49,1.0,37.49,0.75,0.19
INV-84708600018,2025-07-22,2651,HY-VEE / WAVERLY,1311 4 STREET SW,WAVERLY,50677,POINT (-92.47395 42.71212),BREMER,1011200.0,STRAIGHT BOURBON WHISKIES,434.0,LUXCO INC,21215,REBEL KSBW 100PRF,6.0,750.0,11.0,16.5,1.0,16.5,0.75,0.19
INV-84708600055,2025-07-22,2651,HY-VEE / WAVERLY,1311 4 STREET SW,WAVERLY,50677,POINT (-92.47395 42.71212),BREMER,1062500.0,FLAVORED RUM,35.0,BACARDI USA INC,43138,BACARDI LIMON,6.0,1750.0,14.99,22.49,6.0,134.94,10.5,2.77
INV-84648700007,2025-07-21,2619,HY-VEE WINE AND SPIRITS / WDM,1725  74TH ST,WEST DES MOINES,50266,Unknown,POLK,1011300.0,SINGLE BARREL BOURBON WHISKIES,65.0,JIM BEAM BRANDS,19235,KNOB CREEK SINGLE BARREL RESERVE,6.0,750.0,30.0,45.0,12.0,540.0,9.0,2.37
INV-84681800040,2025-07-21,2616,HY-VEE FOOD AND DRUG / CLINTON,901 SOUTH 4TH ST,CLINTON,52732,POINT (-90.19198 41.83667),CLINTON,1031100.0,AMERICAN VODKAS,65.0,JIM BEAM BRANDS,34578,PINNACLE,6.0,1750.0,10.0,15.0,6.0,90.0,10.5,2.77
INV-84683000003,2025-07-21,10118,TIGER MART / TIPTON,51 CEDAR ST.,TIPTON,52772,POINT (-91.12839 41.76494),CEDAR,1011200.0,STRAIGHT BOURBON WHISKIES,65.0,JIM BEAM BRANDS,19064,JIM BEAM,24.0,375.0,6.1,9.15,24.0,219.6,9.0,2.37
INV-84648600017,2025-07-21,2648,HY-VEE #4 / WDM,555 S 51ST ST,WEST DES MOINES,50265,POINT (-93.77432 41.56089),POLK,1011200.0,STRAIGHT BOURBON WHISKIES,65.0,JIM BEAM BRANDS,19476,MAKERS MARK,12.0,750.0,18.0,27.0,48.0,1296.0,36.0,9.51
INV-84685700005,2025-07-21,5118,KWIK STOP #82  /  PEOSTA,"185, PEOSTA ST",PEOSTA,52068,POINT (-90.85123 42.44272),DUBUQUE,1031100.0,AMERICAN VODKAS,434.0,LUXCO INC,36306,HAWKEYE VODKA,12.0,750.0,3.5,5.25,12.0,63.0,9.0,2.37
INV-84652800006,2025-07-21,5354,KIMMES WALL LAKE,129 CENTER STREET,WALL LAKE,51466,POINT (-95.09062 42.27151),SAC,1011200.0,STRAIGHT BOURBON WHISKIES,65.0,JIM BEAM BRANDS,19061,JIM BEAM MINI,12.0,50.0,7.0,10.5,1.0,10.5,0.05,0.01
INV-84608000004,2025-07-18,10534,CIRCLE K 1704 / BOONE,1704 S STORY ST,BOONE,50036,POINT (-93.8793 42.03684),BOONE,1031100.0,AMERICAN VODKAS,205.0,E & J GALLO WINERY,36969,NEW AMSTERDAM 80PRF,12.0,750.0,8.0,12.0,5.0,60.0,3.75,0.99
INV-84609000007,2025-07-18,5411,BLUEJAY MARKET,2810 WILLS AVE,PERRY,50220,POINT (-94.08102 41.83847),DALLAS,1031100.0,AMERICAN VODKAS,434.0,LUXCO INC,36305,HAWKEYE VODKA PET,12.0,750.0,3.5,5.25,12.0,63.0,9.0,2.37
INV-84633300013,2025-07-18,5017,LANSING IGA,417 MAIN ST,LANSING,52151,POINT (-91.21922 43.36181),ALLAMAKEE,1032200.0,IMPORTED FLAVORED VODKA,370.0,PERNOD RICARD USA,33467,ABSOLUT LIME,12.0,750.0,8.99,13.49,3.0,40.47,2.25,0.59
INV-84625800019,2025-07-18,5131,OASIS,"1401, BUCHANAN ST",DES MOINES,50316,POINT (-93.59924 41.59857),POLK,1052100.0,IMPORTED BRANDIES,420.0,MOET HENNESSY USA,48259,HENNESSY VS FLASK,24.0,200.0,6.74,10.11,48.0,485.28,9.6,2.53
INV-84606300006,2025-07-18,3678,"SMOKE SHOP, THE",1918 SE 14TH ST,DES MOINES,50320,POINT (-93.5972 41.57103),POLK,1031100.0,AMERICAN VODKAS,434.0,LUXCO INC,36305,HAWKEYE VODKA PET,12.0,750.0,3.5,5.25,12.0,63.0,9.0,2.37
INV-84553500002,2025-07-17,5213,GARNER ONE STOP,"2506, 280TH  ST",MONTROSE,52639,POINT (-91.43009 40.55223),LEE,1012100.0,CANADIAN WHISKIES,260.0,DIAGEO AMERICAS,10791,CROWN ROYAL VANILLA,12.0,750.0,17.49,26.24,12.0,314.88,9.0,2.37
INV-84555200020,2025-07-17,5374,IOWA LIQUOR & TOBACCO,1021 EAST MAIN STREET,OTTUMWA,52501,POINT (-92.4007 41.0104),WAPELLO,1081200.0,CREAM LIQUEURS,205.0,E & J GALLO WINERY,73055,RUMCHATA,12.0,750.0,14.0,21.0,6.0,126.0,4.5,1.18
INV-84519300070,2025-07-16,3773,BENZ DISTRIBUTING,501 7TH AVE SE,CEDAR RAPIDS,52401,POINT (-91.65977 41.9756),LINN,1022100.0,MIXTO TEQUILA,434.0,LUXCO INC,89387,JUAREZ GOLD,12.0,1000.0,9.0,13.5,12.0,162.0,12.0,3.17
INV-84547400043,2025-07-16,3712,MONTE SPIRITS,109 N 4TH ST,MONTEZUMA,50171,POINT (-92.52364 41.58593),POWESHIEK,1062200.0,WHITE RUM,434.0,LUXCO INC,45277,PARAMOUNT WHITE RUM,12.0,1000.0,4.75,7.13,2.0,14.26,2.0,0.52
INV-84540000008,2025-07-16,6276,KWIK STAR #1160 / LE MARS,321 5TH AVE SW,LE MARS,51031,POINT (-96.17431 42.78868),PLYMOUTH,1012400.0,IRISH WHISKIES,370.0,PERNOD RICARD USA,15626,JAMESON,12.0,750.0,17.49,26.24,6.0,157.44,4.5,1.18
INV-84542600020,2025-07-16,2684,HY-VEE - FOREST CITY,315 HIGHWAY 69 N,FOREST CITY,50436,POINT (-93.63081 43.26642),WINNEBAGO,1062500.0,FLAVORED RUM,65.0,JIM BEAM BRANDS,44476,CRUZAN COCONUT,12.0,750.0,7.0,10.5,2.0,21.0,1.5,0.39
INV-84548100002,2025-07-16,4397,QUIK TRIP #514 / ANKENY,802 E 1ST ST,ANKENY,50021,POINT (-93.58628 41.73234),POLK,1011200.0,STRAIGHT BOURBON WHISKIES,65.0,JIM BEAM BRANDS,19064,JIM BEAM,24.0,375.0,6.1,9.15,1.0,9.15,0.37,0.09
INV-84544900006,2025-07-16,3045,BRITT FOOD CENTER,8 2ND ST NW,BRITT,50423,POINT (-93.80256 43.09867),HANCOCK,1011100.0,BLENDED WHISKIES,260.0,DIAGEO AMERICAS,25608,SEAGRAMS 7 CROWN,6.0,1750.0,13.99,20.99,6.0,125.94,10.5,2.77
INV-84532500051,2025-07-16,2285,JOHN'S GROCERY,401 EAST MARKET ST,IOWA CITY,52240,POINT (-91.52984 41.6636),JOHNSON,1081400.0,AMERICAN SCHNAPPS,421.0,SAZERAC COMPANY  INC,84172,99 BANANAS MINI,1.0,50.0,54.0,81.0,1.0,78.6,0.05,0.01
INV-84477900109,2025-07-15,10577,THE SPOT #10 / DYSART,702 WILSON ST,DYSART,52224,POINT (-92.30784 42.17188),TAMA,1031100.0,AMERICAN VODKAS,421.0,SAZERAC COMPANY  INC,37938,SKOL VODKA,6.0,1750.0,7.12,10.68,1.0,10.68,1.75,0.46
INV-84500500009,2025-07-15,3888,WAL-MART 0647 / GRINNELL,415 INDUSTRIAL AVE,GRINNELL,50112,POINT (-92.73096 41.72091),POWESHIEK,1031100.0,AMERICAN VODKAS,434.0,LUXCO INC,36306,HAWKEYE VODKA,12.0,750.0,3.5,5.25,12.0,63.0,9.0,2.37
INV-84495600011,2025-07-15,5351,DOWNTOWN LIQUOR,1203 5TH ST.,SIOUX CITY,51101,POINT (-96.39464 42.49563),WOODBURY,1012100.0,CANADIAN WHISKIES,260.0,DIAGEO AMERICAS,11297,CROWN ROYAL,12.0,1000.0,20.49,30.74,24.0,737.76,24.0,6.34
INV-84502000012,2025-07-15,6102,BREW OIL #53 / SIBLEY,1026 2ND AVE,SIBLEY,51249,POINT (-95.75212 43.39743),OSCEOLA,1031100.0,AMERICAN VODKAS,434.0,LUXCO INC,36308,HAWKEYE VODKA,6.0,1750.0,7.5,11.25,6.0,67.5,10.5,2.77
INV-84511100006,2025-07-15,4980,PRONTO BP,7305 LAPORTE RD.,WASHBURN,50702,POINT (-92.26507 42.40952),BLACK HAWK,1012100.0,CANADIAN WHISKIES,259.0,HEAVEN HILL BRANDS,11788,BLACK VELVET,6.0,1750.0,11.5,17.25,3.0,51.75,5.25,1.38
INV-84477900011,2025-07-15,10577,THE SPOT #10 / DYSART,702 WILSON ST,DYSART,52224,POINT (-92.30784 42.17188),TAMA,1012100.0,CANADIAN WHISKIES,260.0,DIAGEO AMERICAS,11296,CROWN ROYAL,12.0,750.0,17.49,26.24,1.0,26.24,0.75,0.19
INV-84477900102,2025-07-15,10577,THE SPOT #10 / DYSART,702 WILSON ST,DYSART,52224,POINT (-92.30784 42.17188),TAMA,1031100.0,AMERICAN VODKAS,229.0,DEHNER DISTILLERY,37258,GOTCHA VODKA,12.0,1000.0,3.5,5.25,1.0,5.25,1.0,0.26
INV-84502200011,2025-07-15,4891,SCHOTTSY'S LIQUOR,109 5TH ST,SIBLEY,51249,POINT (-95.75126 43.40398),OSCEOLA,1031100.0,AMERICAN VODKAS,260.0,DIAGEO AMERICAS,38008,SMIRNOFF 80PRF PET,6.0,1750.0,14.75,22.13,6.0,132.78,10.5,2.77
INV-84495600024,2025-07-15,5351,DOWNTOWN LIQUOR,1203 5TH ST.,SIOUX CITY,51101,POINT (-96.39464 42.49563),WOODBURY,1031100.0,AMERICAN VODKAS,434.0,LUXCO INC,36305,HAWKEYE VODKA PET,12.0,750.0,3.5,5.25,36.0,189.0,27.0,7.13
INV-84489800014,2025-07-15,2651,HY-VEE / WAVERLY,1311 4 STREET SW,WAVERLY,50677,POINT (-92.47395 42.71212),BREMER,1011200.0,STRAIGHT BOURBON WHISKIES,65.0,JIM BEAM BRANDS,19486,MAKERS 46,6.0,750.0,20.0,30.0,3.0,90.0,2.25,0.59
INV-84500000020,2025-07-15,3054,MCNALLY'S SUPER VALU,1026 MAIN,GRINNELL,50112,POINT (-92.72579 41.74573),POWESHIEK,1012300.0,SINGLE MALT SCOTCH,65.0,JIM BEAM BRANDS,5446,LAPHROAIG 10YR,12.0,750.0,29.5,44.25,1.0,44.25,0.75,0.19
INV-84490900078,2025-07-15,2665,HY-VEE / WAUKEE,1005 E HICKMAN RD,WAUKEE,50263,POINT (-93.85435 41.61697),DALLAS,1081200.0,CREAM LIQUEURS,216.0,RUMCOQUI AND CO,80447,RUMCOQUI,6.0,750.0,11.0,16.5,6.0,99.0,4.5,1.18
INV-84499400006,2025-07-15,3942,TWIN TOWN LIQUOR,104 HIGHWAY 30 WEST,TOLEDO,52342,POINT (-92.57943 41.98595),TAMA,1012100.0,CANADIAN WHISKIES,259.0,HEAVEN HILL BRANDS,11777,BLACK VELVET,12.0,1000.0,7.0,10.5,24.0,252.0,24.0,6.34
INV-84490900032,2025-07-15,2665,HY-VEE / WAUKEE,1005 E HICKMAN RD,WAUKEE,50263,POINT (-93.85435 41.61697),DALLAS,1032100.0,IMPORTED VODKAS,260.0,DIAGEO AMERICAS,34456,KETEL ONE,12.0,750.0,11.33,17.0,12.0,204.0,9.0,2.37
INV-84444300009,2025-07-14,5071,JEFF'S MARKET / DURANT,408 6TH AVE,DURANT,52747,POINT (-90.91174 41.60058),CEDAR,1032100.0,IMPORTED VODKAS,260.0,DIAGEO AMERICAS,34456,KETEL ONE,12.0,750.0,11.33,17.0,2.0,34.0,1.5,0.39
INV-84455400023,2025-07-14,4921,MARKET EXPRESS,5340 16TH AVE SW,CEDAR RAPIDS,52404,POINT (-91.7397 41.96413),LINN,1022100.0,MIXTO TEQUILA,395.0,PROXIMO,87408,JOSE CUERVO ESPECIAL SILVER,12.0,750.0,12.0,18.0,1.0,18.0,0.75,0.19
INV-84425700012,2025-07-14,4997,DOWNTOWN PANTRY,"218, 6TH AVE #101",DES MOINES,50309,POINT (-93.62452 41.58565),POLK,1031100.0,AMERICAN VODKAS,434.0,LUXCO INC,36304,HAWKEYE VODKA,24.0,375.0,2.0,3.0,24.0,72.0,9.0,2.37
INV-84388600018,2025-07-11,5098,BEST FOOD MART 3  LLC,1621 UNIVERSITY AVE,DES MOINES,50311,POINT (-93.63986 41.60042),POLK,1062100.0,GOLD RUM,35.0,BACARDI USA INC,43031,BACARDI GOLD MINI,12.0,50.0,5.54,8.31,12.0,99.72,0.6,0.15
INV-84375400076,2025-07-11,4509,AJ'S LIQUOR II,2515 CHAMBERLAIN,AMES,50010,POINT (-93.65084 42.02144),STORY,1022200.0,100% AGAVE TEQUILA,65.0,JIM BEAM BRANDS,88841,HORNITOS BLACK BARREL,12.0,750.0,18.5,27.75,1.0,27.75,0.75,0.19
INV-84398000011,2025-07-11,4369,KUM & GO #28 / NORWALK,2991 SUNSET DR,NORWALK,50211,POINT (-93.67424 41.4966),WARREN,1031100.0,AMERICAN VODKAS,434.0,LUXCO INC,36301,HAWKEYE VODKA MINI,12.0,50.0,4.5,6.75,2.0,13.5,0.1,0.02
INV-84379600011,2025-07-11,2668,HY-VEE FOOD STORE / LEON,1004 W 1ST ST,LEON,50144,POINT (-93.75776 40.73965),DECATUR,1091200.0,NEUTRAL GRAIN SPIRITS,434.0,LUXCO INC,41846,EVERCLEAR 151,12.0,750.0,9.0,13.5,4.0,54.0,3.0,0.79
INV-84379600013,2025-07-11,2668,HY-VEE FOOD STORE / LEON,1004 W 1ST ST,LEON,50144,POINT (-93.75776 40.73965),DECATUR,1062500.0,FLAVORED RUM,370.0,PERNOD RICARD USA,42716,MALIBU COCONUT,12.0,750.0,8.99,13.49,12.0,161.88,9.0,2.37
INV-84333600002,2025-07-10,10598,C'S LIQUOR / SPENCER,719 2ND AVE W,SPENCER,51301,POINT (-95.14776 43.14541),CLAY,1022100.0,MIXTO TEQUILA,421.0,SAZERAC COMPANY  INC,88767,TORTILLA WHITE,12.0,1000.0,7.66,11.49,60.0,689.4,60.0,15.85
INV-84354300015,2025-07-10,6278,ADVENTURELAND / ALTOONA,305 34TH AVE NW,ALTOONA,50009,POINT (-93.50311 41.65532),POLK,1022200.0,100% AGAVE TEQUILA,395.0,PROXIMO,87513,1800 SILVER,6.0,1750.0,24.0,36.0,6.0,216.0,10.5,2.77
INV-84355700003,2025-07-10,5499,KUM & GO #184 / ALTOONA,1430 1ST AVE NORTH,ALTOONA,50009,POINT (-93.46546 41.66343),POLK,1012400.0,IRISH WHISKIES,370.0,PERNOD RICARD USA,15626,JAMESON,12.0,750.0,17.49,26.24,2.0,52.48,1.5,0.39
INV-84359400004,2025-07-10,5058,KUM & GO #542 / URBANDALE,11989 HICKMAN RD,URBANDALE,50323,POINT (-93.78291 41.61555),POLK,1031100.0,AMERICAN VODKAS,434.0,LUXCO INC,36304,HAWKEYE VODKA,24.0,375.0,2.0,3.0,24.0,72.0,9.0,2.37
INV-84371600019,2025-07-10,2663,HY-VEE FOOD STORE / URBANDALE,8701 DOUGLAS,URBANDALE,50322,POINT (-93.73889 41.63036),POLK,1062200.0,WHITE RUM,35.0,BACARDI USA INC,43388,CASTILLO SILVER RUM,6.0,1750.0,10.0,15.0,6.0,90.0,10.5,2.77
INV-84346300042,2025-07-10,4829,CENTRAL CITY 2,1501 MICHIGAN AVE,DES MOINES,50314,POINT (-93.61378 41.60575),POLK,1062200.0,WHITE RUM,35.0,BACARDI USA INC,43127,BACARDI SUPERIOR,12.0,1000.0,9.5,14.25,36.0,513.0,36.0,9.51
INV-84372700056,2025-07-10,5102,WILKIE LIQUORS,724 1ST STREET NE,MOUNT VERNON,52314,POINT (-91.41231 41.92012),LINN,1062200.0,WHITE RUM,421.0,SAZERAC COMPANY  INC,44217,BARTON LIGHT RUM,12.0,1000.0,4.5,6.75,24.0,162.0,24.0,6.34
INV-84370100017,2025-07-10,2130,SYCAMORE CONVENIENCE,617 SYCAMORE,WATERLOO,50703,POINT (-92.33538 42.49784),BLACK HAWK,1011100.0,BLENDED WHISKIES,297.0,LAIRD & COMPANY,23828,FIVE STAR,6.0,1750.0,8.39,12.59,6.0,75.54,10.5,2.77
INV-84372700114,2025-07-10,5102,WILKIE LIQUORS,724 1ST STREET NE,MOUNT VERNON,52314,POINT (-91.41231 41.92012),LINN,1022100.0,MIXTO TEQUILA,395.0,PROXIMO,89197,JOSE CUERVO ESPECIAL REPOSADO,12.0,1000.0,15.0,22.5,12.0,270.0,12.0,3.17
INV-84359600015,2025-07-10,4733,WALGREENS #03773 / URBANDALE,4600 86TH ST,URBANDALE,50322,POINT (-93.73732 41.64458),POLK,1031100.0,AMERICAN VODKAS,434.0,LUXCO INC,36308,HAWKEYE VODKA,6.0,1750.0,7.5,11.25,12.0,135.0,21.0,5.54
INV-84342500001,2025-07-10,4675,KUM & GO #1113 / AMES,2801 E 13TH ST,AMES,50010,POINT (-93.57594 42.03484),STORY,1081400.0,AMERICAN SCHNAPPS,421.0,SAZERAC COMPANY  INC,101180,99 FRUITS MINI,1.0,50.0,54.0,81.0,1.0,78.6,0.05,0.01
INV-84354000060,2025-07-10,3644,WAL-MART 2764 / ALTOONA,3501 8TH ST SW,ALTOONA,50009,POINT (-93.50492 41.6464),POLK,1081100.0,COFFEE LIQUEURS,370.0,PERNOD RICARD USA,67527,KAHLUA COFFEE,12.0,1000.0,17.49,26.24,12.0,314.88,12.0,3.17
INV-84370100075,2025-07-10,2130,SYCAMORE CONVENIENCE,617 SYCAMORE,WATERLOO,50703,POINT (-92.33538 42.49784),BLACK HAWK,1081500.0,TRIPLE SEC,434.0,LUXCO INC,86251,JUAREZ TRIPLE SEC,12.0,1000.0,2.5,3.75,60.0,225.0,60.0,15.85
INV-84353800021,2025-07-10,5717,CASEY'S GENERAL STORE #3789,2480 1ST AVE SOUTH,ALTOONA,50009,POINT (-93.46519 41.62925),POLK,1062200.0,WHITE RUM,35.0,BACARDI USA INC,43124,BACARDI SUPERIOR,24.0,375.0,5.0,7.5,6.0,45.0,2.25,0.59
INV-84314900027,2025-07-09,10600,CROWN LIQUOR / AMES,113 WELCH AVENUE,AMES,50014,POINT (-93.65013 42.02224),STORY,1081400.0,AMERICAN SCHNAPPS,421.0,SAZERAC COMPANY  INC,84172,99 BANANAS MINI,1.0,50.0,54.0,81.0,1.0,78.6,0.05,0.01
INV-84313900096,2025-07-09,4129,CYCLONE LIQUORS,626 LINCOLN WAY,AMES,50010,POINT (-93.61907 42.0229),STORY,1022200.0,100% AGAVE TEQUILA,370.0,PERNOD RICARD USA,88186,OLMECA ALTOS PLATA,6.0,750.0,14.99,22.49,6.0,134.94,4.5,1.18
INV-84315300005,2025-07-09,3773,BENZ DISTRIBUTING,501 7TH AVE SE,CEDAR RAPIDS,52401,POINT (-91.65977 41.9756),LINN,1012400.0,IRISH WHISKIES,370.0,PERNOD RICARD USA,15627,JAMESON,12.0,1000.0,20.98,31.47,48.0,1510.56,48.0,12.68
INV-84313900005,2025-07-09,4129,CYCLONE LIQUORS,626 LINCOLN WAY,AMES,50010,POINT (-93.61907 42.0229),STORY,1012100.0,CANADIAN WHISKIES,260.0,DIAGEO AMERICAS,11299,CROWN ROYAL,44.0,200.0,5.0,7.5,4.0,30.0,0.8,0.21
INV-84313900035,2025-07-09,4129,CYCLONE LIQUORS,626 LINCOLN WAY,AMES,50010,POINT (-93.61907 42.0229),STORY,1032200.0,IMPORTED FLAVORED VODKA,395.0,PROXIMO,34972,THREE OLIVES CHERRY,12.0,750.0,9.96,14.94,3.0,44.82,2.25,0.59
INV-84327100015,2025-07-09,4673,SONNY'S SUPER MARKET / WEST POINT,327 5TH ST,WEST POINT,52656,POINT (-91.45245 40.71706),LEE,1031100.0,AMERICAN VODKAS,434.0,LUXCO INC,36306,HAWKEYE VODKA,12.0,750.0,3.5,5.25,12.0,63.0,9.0,2.37
INV-84328700003,2025-07-09,6026,MOD / KEOKUK,3345 MAIN ST,KEOKUK,52632,POINT (-91.40639 40.41793),LEE,1011200.0,STRAIGHT BOURBON WHISKIES,85.0,BROWN FORMAN CORP.,22215,WOODFORD RESERVE,12.0,750.0,24.43,36.65,3.0,108.24,2.25,0.59
INV-84328700010,2025-07-09,6026,MOD / KEOKUK,3345 MAIN ST,KEOKUK,52632,POINT (-91.40639 40.41793),LEE,1062400.0,SPICED RUM,259.0,HEAVEN HILL BRANDS,43024,ADMIRAL NELSON SPICED,24.0,375.0,3.5,5.25,24.0,126.0,9.0,2.37
INV-84328700005,2025-07-09,6026,MOD / KEOKUK,3345 MAIN ST,KEOKUK,52632,POINT (-91.40639 40.41793),LEE,1011600.0,STRAIGHT RYE WHISKIES,434.0,LUXCO INC,25940,REBEL STRAIGHT RYE 100,6.0,750.0,12.0,18.0,6.0,108.0,4.5,1.18
INV-84325800002,2025-07-09,6097,BREW OIL #51 / SANBORN,101 W 7TH ST,SANBORN,51248,POINT (-95.65612 43.18599),O'BRIEN,1012100.0,CANADIAN WHISKIES,259.0,HEAVEN HILL BRANDS,11788,BLACK VELVET,6.0,1750.0,11.5,17.25,12.0,207.0,21.0,5.54
INV-84303200013,2025-07-09,5502,CASEY'S GENERAL STORE #3566 / PELLA,509 MAIN ST,PELLA,50219,POINT (-92.91649 41.4035),MARION,1031100.0,AMERICAN VODKAS,434.0,LUXCO INC,36304,HAWKEYE VODKA,24.0,375.0,2.0,3.0,24.0,72.0,9.0,2.37
INV-84303400008,2025-07-09,3949,WAL-MART 0751 / PELLA,1650 WASHINGTON ST,PELLA,50219,POINT (-92.93368 41.41141),MARION,1031100.0,AMERICAN VODKAS,434.0,LUXCO INC,36308,HAWKEYE VODKA,6.0,1750.0,7.5,11.25,6.0,67.5,10.5,2.77
INV-84282500004,2025-07-09,6180,BREW OIL #11 / BOYDEN,1010 SOUTHERN ST.,BOYDEN,51234,POINT (-96.00033 43.18624),SIOUX,1012100.0,CANADIAN WHISKIES,395.0,PROXIMO,14192,PENDLETON CANADIAN WHISKEY,12.0,750.0,15.0,22.5,4.0,90.0,3.0,0.79
INV-84303800031,2025-07-09,5353,NEW STAR / PELLA,977 198TH PL.,PELLA,50219,POINT (-92.95355 41.38102),MARION,1012200.0,SCOTCH WHISKIES,260.0,DIAGEO AMERICAS,5346,JOHNNIE WALKER RED,12.0,750.0,13.5,20.25,4.0,81.0,3.0,0.79
INV-84308700013,2025-07-09,5335,EXPO LIQUOR,1810 STATE STREET,BETTENDORF,52722,POINT (-90.50689 41.52528),SCOTT,1081400.0,AMERICAN SCHNAPPS,421.0,SAZERAC COMPANY  INC,84217,99 GRAPES,48.0,100.0,1.0,1.5,48.0,72.0,4.8,1.26
INV-84296500008,2025-07-09,4829,CENTRAL CITY 2,1501 MICHIGAN AVE,DES MOINES,50314,POINT (-93.61378 41.60575),POLK,1042100.0,IMPORTED DRY GINS,65.0,JIM BEAM BRANDS,28778,ROKU GIN,6.0,750.0,17.5,26.25,12.0,315.0,9.0,2.37
INV-84300900014,2025-07-09,3980,WAL-MART 1721 / IOWA CITY,919 HWY 1 WEST,IOWA CITY,52246,POINT (-91.55178 41.64453),JOHNSON,1031100.0,AMERICAN VODKAS,434.0,LUXCO INC,36308,HAWKEYE VODKA,6.0,1750.0,7.5,11.25,6.0,67.5,10.5,2.77
INV-84282500009,2025-07-09,6180,BREW OIL #11 / BOYDEN,1010 SOUTHERN ST.,BOYDEN,51234,POINT (-96.00033 43.18624),SIOUX,1032100.0,IMPORTED VODKAS,35.0,BACARDI USA INC,34433,GREY GOOSE,12.0,750.0,14.99,22.49,4.0,89.96,3.0,0.79
INV-84254100040,2025-07-08,2567,HY-VEE DRUGSTORE / DAVENPORT,2200 WEST KIMBERLY,DAVENPORT,52806,POINT (-90.60945 41.56104),SCOTT,1081200.0,CREAM LIQUEURS,205.0,E & J GALLO WINERY,73055,RUMCHATA,12.0,750.0,14.0,21.0,12.0,252.0,9.0,2.37
INV-84272700018,2025-07-08,5351,DOWNTOWN LIQUOR,1203 5TH ST.,SIOUX CITY,51101,POINT (-96.39464 42.49563),WOODBURY,1011100.0,BLENDED WHISKIES,297.0,LAIRD & COMPANY,23828,FIVE STAR,6.0,1750.0,8.39,12.59,6.0,75.54,10.5,2.77
INV-84260300032,2025-07-08,5643,CONOCO / LE GRAND,806 W MAIN ST,LE GRAND,50142,POINT (-92.78465 42.00667),MARSHALL,1062400.0,SPICED RUM,259.0,HEAVEN HILL BRANDS,43026,ADMIRAL NELSON SPICED,12.0,750.0,7.0,10.5,12.0,126.0,9.0,2.37
INV-84251500029,2025-07-08,2665,HY-VEE / WAUKEE,1005 E HICKMAN RD,WAUKEE,50263,POINT (-93.85435 41.61697),DALLAS,1032100.0,IMPORTED VODKAS,260.0,DIAGEO AMERICAS,34458,KETEL ONE,6.0,1750.0,21.49,32.24,12.0,386.88,21.0,5.54
INV-84249500009,2025-07-08,5701,THE HUT 23,603 10TH STREET,ONAWA,51040,POINT (-96.09717 42.03182),MONONA,1011200.0,STRAIGHT BOURBON WHISKIES,65.0,JIM BEAM BRANDS,19064,JIM BEAM,24.0,375.0,6.1,9.15,5.0,45.75,1.87,0.49
INV-84239000013,2025-07-08,5878,HOMETOWN FOODS - HUBBARD,210 E MAPLE ST,HUBBARD,50122,POINT (-93.29826 42.30554),HARDIN,1022200.0,100% AGAVE TEQUILA,65.0,JIM BEAM BRANDS,88548,HORNITOS PLATA,12.0,750.0,15.0,22.5,2.0,45.0,1.5,0.39
INV-84262400005,2025-07-08,4981,SINCLAIR FOOD MART,206 N MAIN ST,TRAER,50675,POINT (-92.46547 42.19648),TAMA,1031100.0,AMERICAN VODKAS,297.0,LAIRD & COMPANY,35913,FIVE O'CLOCK VODKA,48.0,200.0,1.15,1.73,48.0,83.04,9.6,2.53
INV-84270400013,2025-07-08,4366,KUM & GO #137 / TIFFIN,101 VILLAGE DR,TIFFIN,52340,POINT (-91.6644 41.69728),JOHNSON,1031100.0,AMERICAN VODKAS,195.0,SWELL LIQUOR LLC,38056,SWELL VODKA,12.0,750.0,6.0,9.0,1.0,9.0,0.75,0.19
INV-84249600010,2025-07-08,4444,KUM & GO #4127 / SLOAN,1864 HWY 141,SLOAN,51055,POINT (-96.23631 42.22816),WOODBURY,1062400.0,SPICED RUM,259.0,HEAVEN HILL BRANDS,43026,ADMIRAL NELSON SPICED,12.0,750.0,7.0,10.5,12.0,126.0,9.0,2.37
INV-84233600015,2025-07-07,4269,TIPTON FAMILY FOODS,610 CEDAR ST,TIPTON,52772,POINT (-91.12841 41.77177),CEDAR,1011200.0,STRAIGHT BOURBON WHISKIES,65.0,JIM BEAM BRANDS,19476,MAKERS MARK,12.0,750.0,18.0,27.0,3.0,81.0,2.25,0.59
INV-84233400001,2025-07-07,5656,CODY MART GAS & LIQUOR,1220 N CODY RD,LE CLAIRE,52753,POINT (-90.34437 41.6112),SCOTT,1012100.0,CANADIAN WHISKIES,260.0,DIAGEO AMERICAS,11294,CROWN ROYAL,24.0,375.0,8.49,12.74,24.0,305.76,9.0,2.37
INV-84225500026,2025-07-07,2619,HY-VEE WINE AND SPIRITS / WDM,1725  74TH ST,WEST DES MOINES,50266,Unknown,POLK,1041200.0,FLAVORED GIN,654.0,REVELTON DISTILLING COMPANY,33180,REVELTON MULBERRY GIN,6.0,750.0,17.5,26.25,30.0,787.5,22.5,5.94
INV-84217900022,2025-07-07,5071,JEFF'S MARKET / DURANT,408 6TH AVE,DURANT,52747,POINT (-90.91174 41.60058),CEDAR,1062500.0,FLAVORED RUM,370.0,PERNOD RICARD USA,42717,MALIBU COCONUT,12.0,1000.0,11.49,17.24,3.0,51.72,3.0,0.79
INV-84171200024,2025-07-03,4023,WAL-MART 1389 / BOONE,1515 SE MARSHALL ST,BOONE,50036,POINT (-93.87027 42.03612),BOONE,1032100.0,IMPORTED VODKAS,260.0,DIAGEO AMERICAS,34458,KETEL ONE,6.0,1750.0,21.49,32.24,6.0,193.44,10.5,2.77
INV-84186300002,2025-07-03,5507,QUIK TRIP #559 / FLEUR,4021 FLEUR DR,DES MOINES,50321,POINT (-93.64391 41.54764),POLK,1012100.0,CANADIAN WHISKIES,259.0,HEAVEN HILL BRANDS,11773,BLACK VELVET,48.0,200.0,1.75,2.63,2.0,5.26,0.4,0.1
INV-84173100001,2025-07-03,3831,THE MARKET OF MADRID,301 ANNEX RD,MADRID,50156,POINT (-93.81536 41.87896),BOONE,1012100.0,CANADIAN WHISKIES,259.0,HEAVEN HILL BRANDS,11586,BLACK VELVET RESERVE,12.0,750.0,8.0,12.0,2.0,24.0,1.5,0.39
INV-84170900009,2025-07-03,5268,THE DEPOT ATKINS,"188, PARKRIDGE RD",ATKINS,52206,POINT (-91.86303 41.99265),BENTON,1011100.0,BLENDED WHISKIES,260.0,DIAGEO AMERICAS,25608,SEAGRAMS 7 CROWN,6.0,1750.0,13.99,20.99,6.0,125.94,10.5,2.77
INV-84194800009,2025-07-03,5081,CASEY'S GENERAL STORE #3035 / ATLANT,701 POPLAR ST,ATLANTIC,50022,POINT (-95.01445 41.40367),CASS,1031100.0,AMERICAN VODKAS,434.0,LUXCO INC,36304,HAWKEYE VODKA,24.0,375.0,2.0,3.0,24.0,72.0,9.0,2.37
INV-84124300036,2025-07-02,3712,MONTE SPIRITS,109 N 4TH ST,MONTEZUMA,50171,POINT (-92.52364 41.58593),POWESHIEK,1022100.0,MIXTO TEQUILA,395.0,PROXIMO,89197,JOSE CUERVO ESPECIAL REPOSADO,12.0,1000.0,15.0,22.5,2.0,45.0,2.0,0.52
INV-84083400057,2025-07-01,2665,HY-VEE / WAUKEE,1005 E HICKMAN RD,WAUKEE,50263,POINT (-93.85435 41.61697),DALLAS,1062100.0,GOLD RUM,35.0,BACARDI USA INC,43036,BACARDI GOLD,12.0,750.0,8.99,13.49,12.0,161.88,9.0,2.37
INV-84113400110,2025-07-01,10600,CROWN LIQUOR / AMES,113 WELCH AVENUE,AMES,50014,POINT (-93.65013 42.02224),STORY,1022200.0,100% AGAVE TEQUILA,35.0,BACARDI USA INC,89641,PATRON ANEJO MINI,10.0,50.0,28.8,43.2,1.0,43.2,0.05,0.01
INV-84096500014,2025-07-01,2619,HY-VEE WINE AND SPIRITS / WDM,1725  74TH ST,WEST DES MOINES,50266,Unknown,POLK,1011600.0,STRAIGHT RYE WHISKIES,85.0,BROWN FORMAN CORP.,27130,WOODFORD RESERVE RYE,6.0,750.0,24.43,36.65,12.0,432.96,9.0,2.37
INV-84105400041,2025-07-01,5916,ANOTHER ROUND / DEWITT,622 S 6TH AVE,DEWITT,52742,POINT (-90.53909 41.80902),CLINTON,1081100.0,COFFEE LIQUEURS,370.0,PERNOD RICARD USA,67527,KAHLUA COFFEE,12.0,1000.0,17.49,26.24,12.0,314.88,12.0,3.17
INV-84097500004,2025-07-01,4014,WAL-MART 1732 / DENISON,510 C AVE,DENISON,51442,POINT (-95.36937 42.02441),CRAWFORD,1012400.0,IRISH WHISKIES,370.0,PERNOD RICARD USA,15627,JAMESON,12.0,1000.0,20.98,31.47,12.0,377.64,12.0,3.17
INV-84096600050,2025-07-01,3899,WAL-MART 3762 / WDM,6365 STAGECOACH DR,WEST DES MOINES,50266,POINT (-93.79707 41.55887),POLK,1022200.0,100% AGAVE TEQUILA,395.0,PROXIMO,87510,1800 SILVER,12.0,750.0,16.5,24.75,12.0,297.0,9.0,2.37
INV-84113300012,2025-07-01,5187,KWIK STOP LIQUOR & GROCERIES AMES,125 6TH ST,AMES,50010,POINT (-93.61186 42.02712),STORY,1031100.0,AMERICAN VODKAS,434.0,LUXCO INC,36308,HAWKEYE VODKA,6.0,1750.0,7.5,11.25,6.0,67.5,10.5,2.77
INV-84072000019,2025-06-30,3705,LIQUOR LOCKER,507 1ST AVE #100,ROCK RAPIDS,51246,POINT (-96.17199 43.43184),LYON,1031100.0,AMERICAN VODKAS,260.0,DIAGEO AMERICAS,38008,SMIRNOFF 80PRF PET,6.0,1750.0,14.75,22.13,6.0,132.78,10.5,2.77
INV-84061400028,2025-06-30,5277,CUBBY'S ONAWA,2715 IOWA AVE,ONAWA,51040,POINT (-96.12626 42.02648),MONONA,1081400.0,AMERICAN SCHNAPPS,421.0,SAZERAC COMPANY  INC,84155,99 CHERRIES MINI,1.0,50.0,52.4,78.6,1.0,78.6,0.05,0.01
INV-84046700002,2025-06-30,2200,SAC LIQUOR STORE,619 E MAIN ST,SAC CITY,50583,POINT (-94.97402 42.42133),SAC,1012100.0,CANADIAN WHISKIES,260.0,DIAGEO AMERICAS,10777,CROWN ROYAL PEACH,12.0,1000.0,20.49,30.74,12.0,368.88,12.0,3.17
INV-84061200019,2025-06-30,3723,J D SPIRITS LIQUOR,1023  9TH ST,ONAWA,51040,POINT (-96.09589 42.02584),MONONA,1011200.0,STRAIGHT BOURBON WHISKIES,65.0,JIM BEAM BRANDS,19070,JIM BEAM PET,6.0,1750.0,21.5,32.25,1.0,32.25,1.75,0.46
INV-84034600095,2025-06-29,2635,HY-VEE #4 / DAVENPORT,4064 E 53RD ST,DAVENPORT,52807,POINT (-90.5139 41.57692),SCOTT,1022100.0,MIXTO TEQUILA,434.0,LUXCO INC,89388,JUAREZ GOLD,6.0,1750.0,17.0,25.5,6.0,153.0,10.5,2.77
INV-83969200004,2025-06-27,4601,KUM & GO #4110 / GUTHRIE DM,2110 GUTHRIE AVE,DES MOINES,50317,POINT (-93.57863 41.61565),POLK,1012400.0,IRISH WHISKIES,370.0,PERNOD RICARD USA,15626,JAMESON,12.0,750.0,17.49,26.24,1.0,26.24,0.75,0.19
INV-83990400066,2025-06-27,5051,OASIS,630 SW  9TH ST,DES MOINES,50309,POINT (-93.62528 41.57571),POLK,1022200.0,100% AGAVE TEQUILA,619.0,CAMPARI AMERICA,89286,ESPOLON REPOSADO,12.0,750.0,17.5,26.25,1.0,26.25,0.75,0.19
INV-83983500005,2025-06-27,10051,KWIK STAR #1172 / MARION,3055 7TH AVE.,MARION,52302,POINT (-91.58003 42.03345),LINN,1012100.0,CANADIAN WHISKIES,260.0,DIAGEO AMERICAS,11296,CROWN ROYAL,12.0,750.0,17.49,26.24,12.0,314.88,9.0,2.37
INV-83989900031,2025-06-27,5131,OASIS,"1401, BUCHANAN ST",DES MOINES,50316,POINT (-93.59924 41.59857),POLK,1022200.0,100% AGAVE TEQUILA,260.0,DIAGEO AMERICAS,89154,DON JULIO REPOSADO,6.0,750.0,33.49,50.24,6.0,301.44,4.5,1.18
INV-83933500018,2025-06-26,4829,CENTRAL CITY 2,1501 MICHIGAN AVE,DES MOINES,50314,POINT (-93.61378 41.60575),POLK,1011200.0,STRAIGHT BOURBON WHISKIES,65.0,JIM BEAM BRANDS,19226,KNOB CREEK,6.0,750.0,21.0,31.5,90.0,2835.0,67.5,17.83
INV-83890900072,2025-06-25,4129,CYCLONE LIQUORS,626 LINCOLN WAY,AMES,50010,POINT (-93.61907 42.0229),STORY,1022200.0,100% AGAVE TEQUILA,395.0,PROXIMO,64933,1800 COCONUT,12.0,750.0,16.5,24.75,3.0,74.25,2.25,0.59
INV-83906800038,2025-06-25,3712,MONTE SPIRITS,109 N 4TH ST,MONTEZUMA,50171,POINT (-92.52364 41.58593),POWESHIEK,1081200.0,CREAM LIQUEURS,205.0,E & J GALLO WINERY,73053,RUMCHATA,6.0,1000.0,17.5,26.25,2.0,52.5,2.0,0.52
INV-83917000004,2025-06-25,6026,MOD / KEOKUK,3345 MAIN ST,KEOKUK,52632,POINT (-91.40639 40.41793),LEE,1031100.0,AMERICAN VODKAS,434.0,LUXCO INC,36306,HAWKEYE VODKA,12.0,750.0,3.5,5.25,12.0,63.0,9.0,2.37
INV-83904000022,2025-06-25,5029,THE LIQUOR STOP LLC,"211, W 53RD ST",DAVENPORT,52806,POINT (-90.57595 41.57455),SCOTT,1051100.0,AMERICAN BRANDIES,205.0,E & J GALLO WINERY,52595,E & J VS PET,12.0,750.0,6.5,9.75,12.0,117.0,9.0,2.37
INV-83895300004,2025-06-25,6103,BREW OIL #50 / HARTLEY,361 3RD ST NW,HARTLEY,51346,POINT (-95.48242 43.18488),O'BRIEN,1012400.0,IRISH WHISKIES,370.0,PERNOD RICARD USA,15626,JAMESON,12.0,750.0,17.49,26.24,3.0,78.72,2.25,0.59
INV-83896200033,2025-06-25,2673,HY-VEE # 6/ DES MOINES,420 COURT AVE,DES MOINES,50309,POINT (-93.62247 41.58429),POLK,1062200.0,WHITE RUM,434.0,LUXCO INC,45278,PARAMOUNT WHITE RUM,6.0,1750.0,8.0,12.0,6.0,72.0,10.5,2.77
INV-83907800045,2025-06-25,5441,LIQUOR ON THE CORNER,300 EAST MAIN,CHEROKEE,51012,POINT (-95.54709 42.74959),CHEROKEE,1062500.0,FLAVORED RUM,65.0,JIM BEAM BRANDS,44350,CALICO JACK CHERRY,12.0,750.0,6.5,9.75,3.0,29.25,2.25,0.59
INV-83887000048,2025-06-25,3625,WAL-MART 0892 / ANKENY,1002 SE NATIONAL DR,ANKENY,50021,POINT (-93.58422 41.70496),POLK,1081200.0,CREAM LIQUEURS,205.0,E & J GALLO WINERY,73052,RUMCHATA,12.0,375.0,8.0,12.0,12.0,144.0,4.5,1.18
INV-83871800012,2025-06-24,4427,KUM & GO #507 / NORTH LIBERTY,610 N KANSAS AVE,NORTH LIBERTY,52317,POINT (-91.63695 41.75231),JOHNSON,1031100.0,AMERICAN VODKAS,434.0,LUXCO INC,36304,HAWKEYE VODKA,24.0,375.0,2.0,3.0,2.0,6.0,0.75,0.19
INV-83853500048,2025-06-24,5351,DOWNTOWN LIQUOR,1203 5TH ST.,SIOUX CITY,51101,POINT (-96.39464 42.49563),WOODBURY,1082100.0,IMPORTED CORDIALS & LIQUEURS,619.0,CAMPARI AMERICA,64149,APEROL,6.0,1000.0,19.0,28.5,6.0,171.0,6.0,1.58
INV-83875200033,2025-06-24,4891,SCHOTTSY'S LIQUOR,109 5TH ST,SIBLEY,51249,POINT (-95.75126 43.40398),OSCEOLA,1062500.0,FLAVORED RUM,35.0,BACARDI USA INC,43137,BACARDI LIMON,12.0,1000.0,9.5,14.25,1.0,14.25,1.0,0.26
INV-83860500015,2025-06-24,3997,WAL-MART 4606 / OSCEOLA,2400 COLLEGE DRIVE,OSCEOLA,50213,POINT (-93.80009 41.02366),CLARKE,1062200.0,WHITE RUM,434.0,LUXCO INC,46350,HAWKEYE LIGHT RUM,6.0,1750.0,9.0,13.5,6.0,81.0,10.5,2.77
INV-83729100051,2025-06-20,4829,CENTRAL CITY 2,1501 MICHIGAN AVE,DES MOINES,50314,POINT (-93.61378 41.60575),POLK,1012300.0,SINGLE MALT SCOTCH,370.0,PERNOD RICARD USA,5037,GLENLIVET 12YR,12.0,1000.0,34.98,52.47,12.0,629.64,12.0,3.17
INV-83722200007,2025-06-19,5102,WILKIE LIQUORS,724 1ST STREET NE,MOUNT VERNON,52314,POINT (-91.41231 41.92012),LINN,1012100.0,CANADIAN WHISKIES,260.0,DIAGEO AMERICAS,11297,CROWN ROYAL,12.0,1000.0,20.49,30.74,36.0,1106.64,36.0,9.51
INV-83665400002,2025-06-18,4692,WALGREENS #05886 / KEOKUK,1215 MAIN ST,KEOKUK,52632,POINT (-91.38946 40.40169),LEE,1012400.0,IRISH WHISKIES,370.0,PERNOD RICARD USA,15626,JAMESON,12.0,750.0,17.49,26.24,7.0,183.68,5.25,1.38
INV-83670900007,2025-06-18,5371,STATE FOOD MART,3715 STATE ST.,BETTENDORF,52722,POINT (-90.482 41.52878),SCOTT,1031100.0,AMERICAN VODKAS,297.0,LAIRD & COMPANY,35918,FIVE O'CLOCK VODKA,6.0,1750.0,7.72,11.58,6.0,69.48,10.5,2.77
INV-83674000064,2025-06-18,3390,OKOBOJI AVENUE LIQUOR,1610 OKOBOJI AVENUE,MILFORD,51351,POINT (-95.14999 43.33154),DICKINSON,1062200.0,WHITE RUM,35.0,BACARDI USA INC,43127,BACARDI SUPERIOR,12.0,1000.0,9.5,14.25,12.0,171.0,12.0,3.17
INV-83649700013,2025-06-18,4609,KUM & GO #579 / ANKENY,165 SW MAGAZINE RD,ANKENY,50023,POINT (-93.60178 41.71729),POLK,1062200.0,WHITE RUM,35.0,BACARDI USA INC,43121,BACARDI SUPERIOR MINI,12.0,50.0,5.54,8.31,2.0,16.62,0.1,0.02
INV-83665300064,2025-06-18,2191,KEOKUK SPIRITS,1013 MAIN,KEOKUK,52632,POINT (-91.38774 40.40001),LEE,1022200.0,100% AGAVE TEQUILA,395.0,PROXIMO,64933,1800 COCONUT,12.0,750.0,16.5,24.75,2.0,49.5,1.5,0.39
INV-83665300082,2025-06-18,2191,KEOKUK SPIRITS,1013 MAIN,KEOKUK,52632,POINT (-91.38774 40.40001),LEE,1011100.0,BLENDED WHISKIES,421.0,SAZERAC COMPANY  INC,86559,SHEEP DOG PEANUT BUTTER,12.0,750.0,8.5,12.75,1.0,12.75,0.75,0.19
INV-83666000011,2025-06-18,4296,CIRCLE B MARKET,111 MAIN ST,KEOSAUQUA,52565,POINT (-91.95901 40.72734),VAN BUREN,1031100.0,AMERICAN VODKAS,434.0,LUXCO INC,36308,HAWKEYE VODKA,6.0,1750.0,7.5,11.25,6.0,67.5,10.5,2.77
INV-83668200005,2025-06-18,4397,QUIK TRIP #514 / ANKENY,802 E 1ST ST,ANKENY,50021,POINT (-93.58628 41.73234),POLK,1031100.0,AMERICAN VODKAS,421.0,SAZERAC COMPANY  INC,35314,BARTON VODKA,24.0,375.0,1.71,2.57,2.0,5.14,0.75,0.19
INV-83668200016,2025-06-18,4397,QUIK TRIP #514 / ANKENY,802 E 1ST ST,ANKENY,50021,POINT (-93.58628 41.73234),POLK,1022100.0,MIXTO TEQUILA,395.0,PROXIMO,89193,JOSE CUERVO ESPECIAL REPOSADO,48.0,200.0,3.63,5.45,1.0,5.45,0.2,0.05
INV-83665300003,2025-06-18,2191,KEOKUK SPIRITS,1013 MAIN,KEOKUK,52632,POINT (-91.38774 40.40001),LEE,1012100.0,CANADIAN WHISKIES,260.0,DIAGEO AMERICAS,10777,CROWN ROYAL PEACH,12.0,1000.0,20.49,30.74,24.0,737.76,24.0,6.34
INV-83678700046,2025-06-18,3773,BENZ DISTRIBUTING,501 7TH AVE SE,CEDAR RAPIDS,52401,POINT (-91.65977 41.9756),LINN,1062200.0,WHITE RUM,35.0,BACARDI USA INC,43387,CASTILLO SILVER RUM,12.0,1000.0,5.25,7.88,12.0,94.56,12.0,3.17
INV-83649200009,2025-06-18,2673,HY-VEE # 6/ DES MOINES,420 COURT AVE,DES MOINES,50309,POINT (-93.62247 41.58429),POLK,1031100.0,AMERICAN VODKAS,434.0,LUXCO INC,36304,HAWKEYE VODKA,24.0,375.0,2.0,3.0,24.0,72.0,9.0,2.37
INV-83677300004,2025-06-18,3484,JEFF'S FOODS,110 W CEDAR ST,MARCUS,51035,POINT (-95.80858 42.8257),CHEROKEE,1011200.0,STRAIGHT BOURBON WHISKIES,65.0,JIM BEAM BRANDS,19068,JIM BEAM,6.0,1750.0,21.5,32.25,6.0,193.5,10.5,2.77
INV-83647900010,2025-06-18,2648,HY-VEE #4 / WDM,555 S 51ST ST,WEST DES MOINES,50265,POINT (-93.77432 41.56089),POLK,1012400.0,IRISH WHISKIES,305.0,MHW LTD,15632,GLENDALOUGH DOUBLE BARREL,6.0,750.0,15.0,22.5,6.0,135.0,4.5,1.18
INV-83662000071,2025-06-18,4129,CYCLONE LIQUORS,626 LINCOLN WAY,AMES,50010,POINT (-93.61907 42.0229),STORY,1012200.0,SCOTCH WHISKIES,260.0,DIAGEO AMERICAS,5290,J & B RARE SCOTCH,12.0,750.0,12.25,18.38,3.0,55.14,2.25,0.59
INV-83605000047,2025-06-17,5151,BREW IDA GROVE,"500, HWY 175",IDA GROVE,51445,POINT (-95.46737 42.35012),IDA,1062500.0,FLAVORED RUM,421.0,SAZERAC COMPANY  INC,43237,PARROT BAY STRAWBERRY,12.0,750.0,6.5,9.75,3.0,29.25,2.25,0.59
INV-83642300006,2025-06-17,5870,KEYSTONE LIQUOR,517 2ND ST,CORALVILLE,52241,POINT (-91.57379 41.67179),JOHNSON,1012400.0,IRISH WHISKIES,370.0,PERNOD RICARD USA,15627,JAMESON,12.0,1000.0,20.98,31.47,12.0,377.64,12.0,3.17
INV-83608500010,2025-06-17,10220,VAPE AND SMOKE / TAMA,104 WEST 3RD STREET,TAMA,52339,POINT (-92.57712 41.96178),TAMA,1012100.0,CANADIAN WHISKIES,259.0,HEAVEN HILL BRANDS,11777,BLACK VELVET,12.0,1000.0,7.0,10.5,3.0,31.5,3.0,0.79
INV-83639500016,2025-06-17,10200,"MUGHAL, INC. / WATERLOO",735 LOGAN AVE.,WATERLOO,50703,POINT (-92.33774 42.5105),BLACK HAWK,1062200.0,WHITE RUM,35.0,BACARDI USA INC,43831,BACARDI SUPERIOR,24.0,200.0,3.0,4.5,1.0,4.5,0.2,0.05
INV-83604700038,2025-06-17,5004,IDA GROVE FOOD PRIDE,200 SUSAN LAWRENCE DR,IDA GROVE,51445,Unknown,IDA,1031200.0,AMERICAN FLAVORED VODKA,322.0,USDP / UNITED STATES DISTILLED PRODUCTS CO,41694,UV BLUE RASPBERRY,12.0,1000.0,7.5,11.25,9.0,101.25,9.0,2.37
INV-83605700034,2025-06-17,3943,GOOD AND QUICK CO,519 LINCOLNWAY,NEVADA,50201,POINT (-93.4533 42.0227),STORY,1022100.0,MIXTO TEQUILA,395.0,PROXIMO,89191,JOSE CUERVO ESPECIAL REPOSADO MINI,12.0,50.0,12.33,18.5,1.0,18.5,0.05,0.01
INV-83611300105,2025-06-17,3820,"CHARLIE'S WINE AND SPIRITS,",507 W 19TH ST,SIOUX CITY,51103,POINT (-96.42021 42.51054),WOODBURY,1022100.0,MIXTO TEQUILA,434.0,LUXCO INC,89447,LA PRIMA GOLD,12.0,1000.0,8.09,12.14,12.0,145.68,12.0,3.17
INV-83607300038,2025-06-17,3942,TWIN TOWN LIQUOR,104 HIGHWAY 30 WEST,TOLEDO,52342,POINT (-92.57943 41.98595),TAMA,1022100.0,MIXTO TEQUILA,421.0,SAZERAC COMPANY  INC,89577,MONTEZUMA GOLD,12.0,1000.0,7.8,11.7,4.0,46.8,4.0,1.05
INV-83636600015,2025-06-17,5730,JIM'S FOOD,437 SULLIVAN AVENUE,WATERLOO,50701,POINT (-92.35592 42.48713),BLACK HAWK,1022200.0,100% AGAVE TEQUILA,35.0,BACARDI USA INC,87304,CAZADORES BLANCO,24.0,375.0,5.0,7.5,2.0,15.0,0.75,0.19
INV-83603500023,2025-06-17,4152,FOOD LAND SUPER MARKETS,407 W HURON,MISSOURI VALLEY,51555,POINT (-95.89928 41.55775),HARRISON,1011100.0,BLENDED WHISKIES,395.0,PROXIMO,27605,TIN CUP,12.0,750.0,15.0,22.5,1.0,22.5,0.75,0.19
INV-83603000028,2025-06-17,5173,AUDUBON FOOD LAND,104 MARKET ST,AUDUBON,50025,POINT (-94.93637 41.7232),AUDUBON,1022200.0,100% AGAVE TEQUILA,619.0,CAMPARI AMERICA,87250,CABO WABO BLANCO,6.0,750.0,17.5,26.25,1.0,26.25,0.75,0.19
INV-83601200029,2025-06-17,2665,HY-VEE / WAUKEE,1005 E HICKMAN RD,WAUKEE,50263,POINT (-93.85435 41.61697),DALLAS,1042100.0,IMPORTED DRY GINS,260.0,DIAGEO AMERICAS,28866,TANQUERAY GIN,12.0,750.0,14.49,21.74,12.0,260.88,9.0,2.37
INV-83607300015,2025-06-17,3942,TWIN TOWN LIQUOR,104 HIGHWAY 30 WEST,TOLEDO,52342,POINT (-92.57943 41.98595),TAMA,1032100.0,IMPORTED VODKAS,35.0,BACARDI USA INC,34433,GREY GOOSE,12.0,750.0,14.99,22.49,5.0,112.45,3.75,0.99
INV-83604500020,2025-06-17,3932,MAIN STREET SPIRITS / MAPLETON,311 MAIN ST,MAPLETON,51034,POINT (-95.79376 42.16589),MONONA,1031100.0,AMERICAN VODKAS,434.0,LUXCO INC,36308,HAWKEYE VODKA,6.0,1750.0,7.5,11.25,6.0,67.5,10.5,2.77
INV-83627400013,2025-06-17,4891,SCHOTTSY'S LIQUOR,109 5TH ST,SIBLEY,51249,POINT (-95.75126 43.40398),OSCEOLA,1032200.0,IMPORTED FLAVORED VODKA,65.0,JIM BEAM BRANDS,35626,PINNACLE WHIPPED,12.0,750.0,6.5,9.75,2.0,19.5,1.5,0.39
INV-83633500020,2025-06-17,4980,PRONTO BP,7305 LAPORTE RD.,WASHBURN,50702,POINT (-92.26507 42.40952),BLACK HAWK,1062100.0,GOLD RUM,434.0,LUXCO INC,45245,PARAMOUNT GOLD RUM PET,12.0,750.0,4.25,6.38,3.0,19.14,2.25,0.59
INV-83592700003,2025-06-17,4549,CASEY'S GENERAL STORE #2913 / COLO,702 US HWY 65,COLO,50056,POINT (-93.30965 42.08262),STORY,1031100.0,AMERICAN VODKAS,434.0,LUXCO INC,36304,HAWKEYE VODKA,24.0,375.0,2.0,3.0,24.0,72.0,9.0,2.37
INV-83639700039,2025-06-17,5599,KWIK STOP 4,515 BROADWAY ST,WATERLOO,50703,POINT (-92.34509 42.51081),BLACK HAWK,1022100.0,MIXTO TEQUILA,395.0,PROXIMO,89198,JOSE CUERVO ESPECIAL REPOSADO,6.0,1750.0,21.5,32.25,12.0,387.0,21.0,5.54
INV-83626600062,2025-06-17,5423,STAMMER LIQUOR CORP,615 2ND AVE,SHELDON,51201,POINT (-95.85479 43.18455),O'BRIEN,1062200.0,WHITE RUM,35.0,BACARDI USA INC,43124,BACARDI SUPERIOR,24.0,375.0,5.0,7.5,1.0,7.5,0.37,0.09
INV-83642300003,2025-06-17,5870,KEYSTONE LIQUOR,517 2ND ST,CORALVILLE,52241,POINT (-91.57379 41.67179),JOHNSON,1012100.0,CANADIAN WHISKIES,260.0,DIAGEO AMERICAS,10826,CROWN ROYAL XO,12.0,750.0,24.99,37.49,2.0,74.98,1.5,0.39
INV-83603500033,2025-06-17,4152,FOOD LAND SUPER MARKETS,407 W HURON,MISSOURI VALLEY,51555,POINT (-95.89928 41.55775),HARRISON,1031100.0,AMERICAN VODKAS,619.0,CAMPARI AMERICA,37986,SKYY VODKA,12.0,750.0,8.0,12.0,3.0,36.0,2.25,0.59
INV-83630800006,2025-06-17,5681,QUICK CORNER / HAWARDEN,901 10TH ST,HAWARDEN,51023,POINT (-96.48211 42.99675),SIOUX,1031100.0,AMERICAN VODKAS,434.0,LUXCO INC,36308,HAWKEYE VODKA,6.0,1750.0,7.5,11.25,6.0,67.5,10.5,2.77
INV-83576400008,2025-06-16,5482,IOWA MINI MART,234 W 3RD ST,DAVENPORT,52801,POINT (-90.57658 41.52245),SCOTT,1011100.0,BLENDED WHISKIES,65.0,JIM BEAM BRANDS,27544,RED STAG BLACK CHERRY,12.0,750.0,11.5,17.25,12.0,207.0,9.0,2.37
INV-83572100014,2025-06-16,5873,WEST D LIQUORS,5014 EP TRUE PKWY,WEST DES MOINES,50265,POINT (-93.77255 41.57154),POLK,1032100.0,IMPORTED VODKAS,260.0,DIAGEO AMERICAS,34456,KETEL ONE,12.0,750.0,11.33,17.0,12.0,204.0,9.0,2.37
